{"born": 1919, "firstname": "", "children": [
    {"born": 1943, "firstname": "Simplice"},
    {"born": 1944, "firstname": "Marguerite", "children": [
        {"born": 1979, "firstname": "Mira"},
        {"born": 1985, "firstname": "Charles"}
    ]},
    {"born": 1945, "firstname": "Honoré"},
    {"born": 1947, "firstname": "Jeanne d'Arc", "children": [
        {"born": 1967, "firstname": "Hyacinte", "children": [
            {"born": 1988, "firstname": "Landon"},
            {"born": 1992, "firstname": "Braden"},
            {"born": 1997, "firstname": "Heather"},
            {"born": 2004, "firstname": "Hannah"}
        ]},
        {"born": 1968, "firstname": "Catherine"},
        {"born": 1969, "firstname": "Patrick", "children": [
            {"born": 2008, "firstname": "Haden"},
            {"born": 2012, "firstname": "Averie"}
        ]},
        {"born": 1970, "firstname": "Jacques", "children": [
            {"born": 1997, "firstname": "Bryce"},
            {"born": 2000, "firstname": "Mason"},
            {"born": 2002, "firstname": "Sadie"}
        ]}
    ]},
    {"born": 1948, "firstname": "Thérèse", "children": [
        {"born": 1970, "firstname": "Brigitte", "children": [
            {"born": 1998, "firstname": "Nicolas"},
            {"born": 1999, "firstname": "Benjamin"},
            {"born": 2001, "firstname": "Aurélie"},
            {"born": 2006, "firstname": "Éloise"},
            {"born": 2008, "firstname": "Jérémie"},
            {"born": 2012, "firstname": "Isabelle"}
        ]},
        {"born": 1971, "firstname": "Chantal", "children": [
            {"born": 2000, "firstname": "Charles-Edward"},
            {"born": 2003, "firstname": "Philippe"}
        ]},
        {"born": 1973, "firstname": "Francine", "children": [
            {"born": 2000, "firstname": "Emélie"},
            {"born": 2003, "firstname": "Mathieu"}
        ]},
        {"born": 1975, "firstname": "Ginette", "children": [
            {"born": 2000, "firstname": "Dominique"},
            {"born": 2002, "firstname": "Zachare"},
            {"born": 2005, "firstname": "Eric"},
            {"born": 2007, "firstname": "Miguel"}
        ]},
        {"born": 1978, "firstname": "Stéphanie", "children": [
            {"born": 2001, "firstname": "Mélodie"},
            {"born": 2003, "firstname": "Samuel"},
            {"born": 2005, "firstname": "Maximilien"},
            {"born": 2007, "firstname": "Mercedes"}
        ]}
    ]},
    {"born": 1949, "firstname": "Lionel", "children": [
        {"born": 1973, "firstname": "Marian", "children": [
            {"born": 2006, "firstname": "Lochlan"},
            {"born": 2011, "firstname": "Therron"},
            {"born": 2013, "firstname": "Wattson"}
        ]},
        {"born": 1975, "firstname": "Ronald", "children": [
            {"born": 1994, "firstname": "Payton"},
            {"born": 1999, "firstname": "Phoebe"},
            {"born": 2000, "firstname": "Isiah"},
            {"born": 2002, "firstname": "Brenna"},
            {"born": 2011, "firstname": "Rubymae"}
        ]},
        {"born": 1976, "firstname": "Celeste", "children": [
            {"born": 2003, "firstname": "Emmanuel"},
            {"born": 2006, "firstname": "Anita"},
            {"born": 2008, "firstname": "Eva"},
            {"born": 2010, "firstname": "Joël"}
        ]}
    ]},
    {"born": 1950, "firstname": "Mariette", "children": [
        {"born": 1971, "firstname": "Colin", "children": [
            {"born": 1996, "firstname": "Léticia"},
            {"born": 1998, "firstname": "Alika"}
        ]},
        {"born": 1974, "firstname": "Alain"}
    ]},
    {"born": 1952, "firstname": "Seraphena", "children": [
        {"born": 1976, "firstname": "Anthony", "children": [
            {"born": 2011, "firstname": "Mateo"},
            {"born": 2013, "firstname": "Ronan"}
        ]},
        {"born": 1977, "firstname": "Ryan"},
        {"born": 1983, "firstname": "Ryder", "children": [
            {"born": 2005, "firstname": "Anna"},
            {"born": 2010, "firstname": "Megan"}
        ]}
    ]},
    {"born": 1953, "firstname": "Michel", "children": [
        {"born": 1981, "firstname": "Gabriel", "children": [
            {"born": 2007, "firstname": "Andrew"},
            {"born": 2009, "firstname": "Elijah"},
            {"born": 2012, "firstname": "Anna"}
        ]},
        {"born": 1982, "firstname": "François", "children": [
            {"born": 2010, "firstname": "Alexandre"},
            {"born": 2013, "firstname": "Stéphane"}
        ]},
        {"born": 1984, "firstname": "Gaëtan", "children": [
            {"born": 2006, "firstname": "Adrien"},
            {"born": 2010, "firstname": "Gavin"},
            {"born": 2012, "firstname": "Éthan"}
        ]},
        {"born": 1986, "firstname": "Julien", "children": [
            {"born": 2011, "firstname": "Sophie"},
            {"born": 2011, "firstname": "Olivier"},
            {"born": 2014, "firstname": "Chloé"}
        ]},
        {"born": 1993, "firstname": "Mario"}
    ]},
    {"born": 1955, "firstname": "Vincent"},
    {"born": 1957, "firstname": "Joël", "children": [
        {"born": 1976, "firstname": "Jeffrey", "children": [
            {"born": 2011, "firstname": "Matthew"}
        ]},
        {"born": 1978, "firstname": "Jackie", "children": [
            {"born": 2003, "firstname": "Hailey"},
            {"born": 2005, "firstname": "Davin"},
            {"born": 2007, "firstname": "Chloe"}
        ]},
        {"born": 1982, "firstname": "Candice", "children": [
            {"born": 1999, "firstname": "Danica"},
            {"born": 2003, "firstname": "Nethaniel"},
            {"born": 2011, "firstname": "Jairdon"}
        ]},
        {"born": 1985, "firstname": "Celeste"},
        {"born": 1987, "firstname": "Jeremy"},
        {"born": 1989, "firstname": "Alexandra"}
    ]},
    {"born": 1958, "firstname": "Bernard", "children": [
        {"born": 1983, "firstname": "Natalie", "children": [
            {"born": 2001, "firstname": "Raven"},
            {"born": 2008, "firstname": "Talia"}
        ]},
        {"born": 1994, "firstname": "Alexine"},
        {"born": 1995, "firstname": "Céline"}
    ]},
    {"born": 1959, "firstname": "Jacinte", "children": [
        {"born": 1978, "firstname": "Maurice", "children": [
            {"born": 1997, "firstname": "Ayesha"},
            {"born": 2004, "firstname": "Halla"},
            {"born": 2007, "firstname": "Kiora"},
            {"born": 2010, "firstname": "Neveah"}
        ]},
        {"born": 1982, "firstname": "Dominique", "children": [
            {"born": 2015, "firstname": "Samuel"}
        ]},
        {"born": 1986, "firstname": "Fabien"}
    ]},
    {"born": 1963, "firstname": "Carmen", "children": [
        {"born": 1983, "firstname": "Jérémie", "children": [
            {"born": 2004, "firstname": "Alaina"},
            {"born": 2004, "firstname": "Brooke"}
        ]},
        {"born": 1986, "firstname": "Jasmème"},
        {"born": 1987, "firstname": "Éthen", "children": [
            {"born": 2012, "firstname": "Darius"}
        ]}
    ]},
    {"born": 1964, "firstname": "Silvie", "children": [
        {"born": 1987, "firstname": "Jean-Claude"},
        {"born": 1990, "firstname": "René"},
        {"born": 1992, "firstname": "Yvan"},
        {"born": 1993, "firstname": "Marie-Josée"}
    ]}
]}
